<?xml version="1.0" encoding="UTF-8" ?>
<Page loaded="pageLoaded">
  <StackLayout>
    <Image src="~/img/pomme-apple.gif" stretch="none" cssClass="logo"/>
    <Label text="Welcome" cssClass="welcome"/>

    <Label text="Please enter a username" cssClass="username-prompt"/>
    <TextField text="{{ username }}" cssClass="username"/>

    <Button text="Submit" tap="{{login}}" cssClass="login"/>

    <Label text="Sign in with" cssClass="twitter-prompt"/>
    <Image src="~/img/twitterbird.png" stretch="none" cssClass="twitter-logo" />

    <Label text="Already have an account?" cssClass="have-account"/>
  </StackLayout>
</Page>
