<?xml version="1.0" encoding="UTF-8" ?>
<Page loaded="pageLoaded">
  <StackLayout>
    <Image src="~/img/pomme-apple.gif" cssClass="logo"/>
    <TextView text="Welcome" cssClass="welcome"/>

    <TextView text="Please enter a username" cssClass="username-prompt"/>
    <TextField text="{{ username }}" cssClass="username"/>

    <Button text="Submit" tap="{{login}}" cssClass="login"/>

    <TextView text="Sign in with" cssClass="twitter-prompt"/>
    <Image src="~/img/twitterbird.png" cssClass="twitter-logo" />

    <TextView text="Already have an account?" cssClass="have-account"/>
  </StackLayout>
</Page>
